USE perfumeria;

-- Ciudades (40)
INSERT INTO ciudad (nombre) VALUES
('Bogotá'),
('Medellín'),
('Cali'),
('Barranquilla'),
('Cartagena'),
('Bucaramanga'),
('Pereira'),
('Manizales'),
('Armenia'),
('Santa Marta'),
('Cúcuta'),
('Ibagué'),
('Villavicencio'),
('Neiva'),
('Pasto'),
('Montería'),
('Sincelejo'),
('Popayán'),
('Quibdó'),
('Valledupar'),
('Riohacha'),
('Tunja'),
('Florencia'),
('Yopal'),
('Mocoa'),
('Leticia'),
('Arauca'),
('San Andrés'),
('Ipiales'),
('Duitama'),
('Zipaquirá'),
('Girardot'),
('Palmira'),
('Buenaventura'),
('Rionegro'),
('Malambo'),
('Pitalito'),
('Maicao'),
('Facatativá');

-- Géneros (40)
INSERT INTO genero (nombre) VALUES
('Femenino'),
('Masculino'),
('Unisex'),
('Juvenil'),
('Adulto'),
('Lujo'),
('Casual'),
('Deportivo'),
('Noche'),
('Día'),
('Elegante'),
('Romántico'),
('Moderno'),
('Vintage'),
('Exclusivo'),
('Urbano'),
('Natural'),
('Floral'),
('Amaderado'),
('Cítrico'),
('Oriental'),
('Dulce'),
('Especiado'),
('Fresco'),
('Chic'),
('Clásico'),
('Seductor'),
('Minimalista'),
('Vibrante'),
('Suave'),
('Intenso'),
('Refinado'),
('Sofisticado'),
('Bohemio'),
('Artístico'),
('Sensorial'),
('Continental'),
('Refrescante'),
('Tropical'),
('Solar');

-- Tipos de movimiento (40)
INSERT INTO tipo_movimiento (nombre) VALUES
('Entrada'),
('Salida'),
('Ajuste de inventario'),
('Transferencia interna'),
('Devolución de cliente'),
('Muestra gratis'),
('Donación'),
('Canje'),
('Promoción'),
('Reposición'),
('Corte de lote'),
('Verificación'),
('Inventario físico'),
('Recepción'),
('Entrega'),
('Traslado entre bodegas'),
('Devolución al proveedor'),
('Ajuste de precio'),
('Retiro de producto'),
('Reempaque'),
('Reclasificación'),
('Ajuste negativo'),
('Ajuste positivo'),
('Cierre de sucursal'),
('Apertura de sucursal'),
('Préstamo interno'),
('Prueba de fragancia'),
('Cuadre diario'),
('Anulación de venta'),
('Corrección de pedido'),
('Expedición'),
('Consolidación'),
('Desmantelamiento'),
('Entrada de consignación'),
('Salida de consignación'),
('Muestra de evento'),
('Alistamiento de pedido'),
('Ajuste administrativo'),
('Revisión de stock');

-- Razones de movimiento (40)
INSERT INTO razon_movimiento (descripcion) VALUES
('Compra de inventario'),
('Venta al cliente'),
('Devolución de cliente'),
('Ajuste físico'),
('Muestra de producto'),
('Promoción de temporada'),
('Canje comercial'),
('Donación a fundación'),
('Reposición de stock'),
('Traslado interno'),
('Devolución al proveedor'),
('Apertura de tienda'),
('Cierre de inventario'),
('Liquidación de fin de año'),
('Pedido especial'),
('Subasta privada'),
('Presentación en evento'),
('Prueba de fragancia'),
('Cambio de packaging'),
('Mantenimiento de almacén'),
('Retiro de producto'),
('Selección boutique'),
('Error de compra'),
('Ajuste de precios'),
('Evento corporativo'),
('Campaña digital'),
('Campaña presencial'),
('Compra mayorista'),
('Regalo corporativo'),
('Recambio de stock'),
('Surtido de tienda'),
('Inventario de fin de mes'),
('Inspección de calidad'),
('Orden de compra'),
('Cancelación de pedido'),
('Reubicación de producto'),
('Entrega urgente'),
('Control de caducidad'),
('Auditoría interna');

-- Marcas (40)
INSERT INTO marca (nombre) VALUES
('Dior'),
('Chanel'),
('Prada'),
('Gucci'),
('Hugo Boss'),
('Calvin Klein'),
('Lancôme'),
('Versace'),
('Armani'),
('Dolce & Gabbana'),
('Carolina Herrera'),
('Yves Saint Laurent'),
('Paco Rabanne'),
('Burberry'),
('Bvlgari'),
('Estée Lauder'),
('Givenchy'),
('Hermès'),
('Tom Ford'),
('Jo Malone'),
('Viktor & Rolf'),
('Marc Jacobs'),
('Ralph Lauren'),
('Maison Margiela'),
('Nina Ricci'),
('Thierry Mugler'),
('Jean Paul Gaultier'),
('Valentino'),
('Salvatore Ferragamo'),
('Oscar de la Renta'),
('Byredo'),
('Azzaro'),
('Elizabeth Arden'),
('Issey Miyake'),
('Montblanc'),
('Yves Rocher'),
('Elizabeth Taylor'),
('Hermosa Casa'),
('Lacoste'),
('Narciso Rodriguez');

-- Familias (40)
INSERT INTO familia (nombre) VALUES
('Floral'),
('Amaderada'),
('Cítrica'),
('Oriental'),
('Gourmand'),
('Acuática'),
('Especiada'),
('Verde'),
('Frutal'),
('Aromática'),
('Chipre'),
('Aldehídica'),
('Dulce'),
('Ácida'),
('Ambarada'),
('Empolvada'),
('Balsámica'),
('Madera blanca'),
('Cuero'),
('Musgo'),
('Almizcle'),
('Nocturna'),
('Diurna'),
('Festiva'),
('Elegante'),
('Casual'),
('Premium'),
('Exótica'),
('Vintage'),
('Moderna'),
('Tropical'),
('Solar'),
('Fresca'),
('Cremosa'),
('Jazmín'),
('Rosas'),
('Vainilla'),
('Ámbar gris'),
('Coco'),
('Té verde');

-- Proveedores (40)
INSERT INTO proveedor (NIT, nombre, direccion, id_ciudad) VALUES
(800100001, 'Distribuidora Aroma SAS', 'Calle 12 #34-56', 1),
(800100002, 'Perfumes de Colombia', 'Av. Caracas 78-90', 2),
(800100003, 'Importaciones Elite', 'Calle 45 #10-20', 3),
(800100004, 'Fragancias Selectas', 'Diagonal 10 #23-67', 4),
(800100005, 'Aromas del Pacífico', 'Carrera 15 #55-12', 5),
(800100006, 'Encanto Olfativo', 'Calle 30 #14-01', 6),
(800100007, 'Distribuciones Premium', 'Av. Libertador 11-11', 7),
(800100008, 'Belleza y Esencia', 'Calle 22 #18-60', 8),
(800100009, 'Aroma Urbano', 'Av. Bolívar 34-10', 9),
(800100010, 'Toque de Lujo', 'Calle 8 #16-27', 10),
(800100011, 'Fragancias Antares', 'Calle 6 #19-42', 11),
(800100012, 'Brisa de Perfume', 'Av. 5 #20-44', 12),
(800100013, 'Nube de Rosas', 'Calle 7 #22-53', 13),
(800100014, 'Mundo Fragante', 'Carrera 2 #9-50', 14),
(800100015, 'Sensaciones Olfativas', 'Calle 11 #21-30', 15),
(800100016, 'Perfumes del Trópico', 'Av. 9 #32-13', 16),
(800100017, 'Estación de Aromas', 'Calle 14 #5-10', 17),
(800100018, 'Líneas de Perfume', 'Carrera 9 #12-50', 18),
(800100019, 'Esencia Urbana', 'Av. 7 #25-40', 19),
(800100020, 'Aromas del Centro', 'Calle 17 #2-05', 20),
(800100021, 'Olfato Premium', 'Carrera 4 #7-30', 21),
(800100022, 'Perfumería Central', 'Calle 2 #8-20', 22),
(800100023, 'Fragancias Eternas', 'Av. 3 #10-18', 23),
(800100024, 'Aroma Fino', 'Carrera 6 #14-11', 24),
(800100025, 'Esencias Selectas', 'Calle 18 #5-01', 25),
(800100026, 'Sensación Deluxe', 'Av. 1 #6-12', 26),
(800100027, 'Toque de Seda', 'Calle 10 #13-23', 27),
(800100028, 'Néctar de Jardín', 'Av. 16 #9-22', 28),
(800100029, 'Jardín Olfativo', 'Calle 19 #31-14', 29),
(800100030, 'Bruma Estelar', 'Carrera 13 #11-05', 30),
(800100031, 'Esencia Sublime', 'Av. 8 #2-16', 31),
(800100032, 'Aroma & Arte', 'Calle 3 #26-09', 32),
(800100033, 'Perfume Íntimo', 'Av. 12 #29-07', 33),
(800100034, 'Luxuria Fragancia', 'Carrera 16 #18-03', 34),
(800100035, 'Aromas del Valle', 'Calle 4 #15-22', 35),
(800100036, 'Punto Perfume', 'Av. 14 #20-18', 36),
(800100037, 'Brillo y Aroma', 'Calle 9 #27-08', 37),
(800100038, 'Esencias del Norte', 'Carrera 5 #17-29', 38),
(800100039, 'Tienda Olfativa', 'Av. 10 #23-01', 39),
(800100040, 'Aromas del Sur', 'Calle 13 #28-11', 40);

-- Categorías (40)
INSERT INTO categoria (codigo, nombre, id_genero) VALUES
('CAT-01', 'Perfumes Femeninos Florales', 1),
('CAT-02', 'Perfumes Masculinos Amaderados', 2),
('CAT-03', 'Perfumes Unisex Cítricos', 3),
('CAT-04', 'Perfumes Juveniles Dulces', 4),
('CAT-05', 'Perfumes Adultos Orientales', 5),
('CAT-06', 'Perfumes de Lujo Exclusivos', 6),
('CAT-07', 'Perfumes Casuales Frescos', 7),
('CAT-08', 'Perfumes Deportivos Energéticos', 8),
('CAT-09', 'Perfumes Nocturnos Sensuales', 9),
('CAT-10', 'Perfumes Diurnos Suaves', 10),
('CAT-11', 'Aromas Florales y Frutales', 1),
('CAT-12', 'Aromas Maderas Nobles', 2),
('CAT-13', 'Aromas Cítricos Naturales', 3),
('CAT-14', 'Aromas Gourmet y Vainilla', 4),
('CAT-15', 'Aromas Orientales Sensuales', 5),
('CAT-16', 'Aromas Acuáticos Refrescantes', 6),
('CAT-17', 'Aromas Especiados Intensos', 7),
('CAT-18', 'Aromas Verdes Herbales', 8),
('CAT-19', 'Aromas Frutales Tropicales', 9),
('CAT-20', 'Aromas Aromáticos Elegantes', 10),
('CAT-21', 'Aromas Chipre Modernos', 1),
('CAT-22', 'Aromas Aldehídicos Brillantes', 2),
('CAT-23', 'Aromas Dulces Gourmet', 3),
('CAT-24', 'Aromas Ácidos Vigorizantes', 4),
('CAT-25', 'Aromas Ámbarados Cálidos', 5),
('CAT-26', 'Aromas Empolvados Suaves', 6),
('CAT-27', 'Aromas Balsámicos Aterciopelados', 7),
('CAT-28', 'Aromas Madera Blanca Pura', 8),
('CAT-29', 'Aromas Cuero Urbano', 9),
('CAT-30', 'Aromas Musgo Verdes', 10),
('CAT-31', 'Aromas Almizclados Sensibles', 1),
('CAT-32', 'Aromas Nocturnos Elegantes', 2),
('CAT-33', 'Aromas Diurnos Energizantes', 3),
('CAT-34', 'Aromas Festivos Juveniles', 4),
('CAT-35', 'Aromas Elegantes Minimalistas', 5),
('CAT-36', 'Aromas Casuales Refrescantes', 6),
('CAT-37', 'Aromas Premium Exclusivos', 7),
('CAT-38', 'Aromas Exóticos y Sensuales', 8),
('CAT-39', 'Aromas Vintage Clásicos', 9),
('CAT-40', 'Aromas Modernos Innovadores', 10);

-- Perfumes (40)
INSERT INTO perfume (nombre, stock, id_marca, codigo_familia) VALUES
('J’adore', 35, 1, 1),
('Chance Eau Tendre', 28, 2, 3),
('Luna Rossa', 22, 3, 2),
('Guilty', 30, 4, 4),
('Boss Bottled', 40, 5, 2),
('CK One', 45, 6, 3),
('La Vie Est Belle', 32, 7, 1),
('Bright Crystal', 26, 8, 3),
('Acqua di Gio', 38, 9, 6),
('Light Blue', 24, 10, 3),
('212 VIP', 15, 11, 6),
('Opium', 18, 12, 4),
('1 Million', 29, 13, 5),
('My Burberry', 27, 14, 1),
('Omnia', 20, 15, 16),
('Modern Muse', 21, 16, 1),
('Dahlia Divin', 16, 17, 1),
('Terre d’Hermès', 33, 18, 2),
('Black Orchid', 14, 19, 4),
('English Pear & Freesia', 31, 20, 1),
('Flowerbomb', 19, 1, 1),
('Daisy', 23, 21, 1),
('Eternity', 36, 22, 10),
('Replica Beach Walk', 17, 23, 6),
('L’Air du Temps', 20, 24, 1),
('Magie Noire', 18, 25, 4),
('Le Male', 34, 26, 2),
('Scandal', 28, 27, 1),
('Nuit d’Issey', 22, 28, 4),
('Lilas Blancs', 31, 29, 1),
('Lady Million', 12, 30, 5),
('Pretty', 26, 31, 4),
('Fleur Musc', 14, 32, 1),
('Olympea', 24, 33, 5),
('Sì', 29, 34, 1),
('Acqua Essenziale', 20, 35, 6),
('Eros', 37, 36, 2),
('La Nuit Trésor', 18, 37, 5),
('Aqua', 25, 38, 6),
('Persona', 21, 39, 1),
('Luna', 30, 40, 3);

-- Localización de perfumes (40)
INSERT INTO localizacion (pasillo, estante, nivel, codigo_perfume) VALUES
('A', '1', '1', 1),
('A', '1', '2', 2),
('A', '1', '3', 3),
('A', '1', '4', 4),
('A', '2', '1', 5),
('A', '2', '2', 6),
('A', '2', '3', 7),
('A', '2', '4', 8),
('B', '1', '1', 9),
('B', '1', '2', 10),
('B', '1', '3', 11),
('B', '1', '4', 12),
('B', '2', '1', 13),
('B', '2', '2', 14),
('B', '2', '3', 15),
('B', '2', '4', 16),
('C', '1', '1', 17),
('C', '1', '2', 18),
('C', '1', '3', 19),
('C', '1', '4', 20),
('C', '2', '1', 21),
('C', '2', '2', 22),
('C', '2', '3', 23),
('C', '2', '4', 24),
('D', '1', '1', 25),
('D', '1', '2', 26),
('D', '1', '3', 27),
('D', '1', '4', 28),
('D', '2', '1', 29),
('D', '2', '2', 30),
('D', '2', '3', 31),
('D', '2', '4', 32),
('E', '1', '1', 33),
('E', '1', '2', 34),
('E', '1', '3', 35),
('E', '1', '4', 36),
('E', '2', '1', 37),
('E', '2', '2', 38),
('E', '2', '3', 39),
('E', '2', '4', 40);

-- Movimientos (40)
INSERT INTO movimiento (id_tipo, id_razon, cantidad, fecha) VALUES
(1, 1, 35, '2026-05-01'),
(1, 2, 28, '2026-05-02'),
(2, 3, 5, '2026-05-03'),
(3, 4, 2, '2026-05-04'),
(4, 5, 1, '2026-05-05'),
(5, 6, 3, '2026-05-06'),
(6, 7, 4, '2026-05-07'),
(7, 8, 2, '2026-05-08'),
(8, 9, 6, '2026-05-09'),
(9, 10, 8, '2026-05-10'),
(10, 11, 18, '2026-05-11'),
(1, 12, 7, '2026-05-12'),
(2, 13, 9, '2026-05-13'),
(3, 14, 10, '2026-05-14'),
(4, 15, 22, '2026-05-15'),
(5, 16, 12, '2026-05-16'),
(6, 17, 14, '2026-05-17'),
(7, 18, 11, '2026-05-18'),
(8, 19, 16, '2026-05-19'),
(9, 20, 20, '2026-05-20'),
(10, 21, 13, '2026-05-21'),
(1, 22, 17, '2026-05-22'),
(2, 23, 15, '2026-05-23'),
(3, 24, 19, '2026-05-24'),
(4, 25, 21, '2026-05-25'),
(5, 1, 23, '2026-05-26'),
(6, 2, 26, '2026-05-27'),
(7, 3, 27, '2026-05-28'),
(8, 4, 29, '2026-05-29'),
(9, 5, 24, '2026-05-30'),
(10, 6, 31, '2026-05-31'),
(1, 7, 32, '2026-06-01'),
(2, 8, 33, '2026-06-02'),
(3, 9, 34, '2026-06-03'),
(4, 10, 36, '2026-06-04'),
(5, 11, 38, '2026-06-05'),
(6, 12, 30, '2026-06-06'),
(7, 13, 29, '2026-06-07'),
(8, 14, 40, '2026-06-08'),
(9, 15, 37, '2026-06-09'),
(10, 16, 42, '2026-06-10');

-- Relación proveedor_perfume (40)
INSERT INTO proveedor_perfume (NIT, codigo_perfume, precio) VALUES
(800100001, 1, 289.90),
(800100002, 2, 245.50),
(800100003, 3, 219.00),
(800100004, 4, 269.75),
(800100005, 5, 210.90),
(800100006, 6, 159.99),
(800100007, 7, 340.10),
(800100008, 8, 198.50),
(800100009, 9, 219.90),
(800100010, 10, 175.00),
(800100011, 11, 128.80),
(800100012, 12, 219.50),
(800100013, 13, 320.00),
(800100014, 14, 165.25),
(800100015, 15, 189.40),
(800100016, 16, 220.99),
(800100017, 17, 240.00),
(800100018, 18, 310.60),
(800100019, 19, 170.75),
(800100020, 20, 140.30),
(800100021, 21, 275.90),
(800100022, 22, 159.60),
(800100023, 23, 220.10),
(800100024, 24, 195.45),
(800100025, 25, 210.20),
(800100026, 26, 230.80),
(800100027, 27, 250.75),
(800100028, 28, 280.99),
(800100029, 29, 205.40),
(800100030, 30, 269.00),
(800100031, 31, 190.10),
(800100032, 32, 175.80),
(800100033, 33, 215.25),
(800100034, 34, 235.60),
(800100035, 35, 255.45),
(800100036, 36, 225.00),
(800100037, 37, 245.20),
(800100038, 38, 260.40),
(800100039, 39, 295.90),
(800100040, 40, 180.70);

-- Relación perfume_categoria (40)
INSERT INTO perfume_categoria (codigo_perfume, codigo_categoria) VALUES
(1, 'CAT-01'),
(2, 'CAT-02'),
(3, 'CAT-03'),
(4, 'CAT-04'),
(5, 'CAT-05'),
(6, 'CAT-06'),
(7, 'CAT-07'),
(8, 'CAT-08'),
(9, 'CAT-09'),
(10, 'CAT-10'),
(11, 'CAT-11'),
(12, 'CAT-12'),
(13, 'CAT-13'),
(14, 'CAT-14'),
(15, 'CAT-15'),
(16, 'CAT-16'),
(17, 'CAT-17'),
(18, 'CAT-18'),
(19, 'CAT-19'),
(20, 'CAT-20'),
(21, 'CAT-21'),
(22, 'CAT-22'),
(23, 'CAT-23'),
(24, 'CAT-24'),
(25, 'CAT-25'),
(26, 'CAT-26'),
(27, 'CAT-27'),
(28, 'CAT-28'),
(29, 'CAT-29'),
(30, 'CAT-30'),
(31, 'CAT-31'),
(32, 'CAT-32'),
(33, 'CAT-33'),
(34, 'CAT-34'),
(35, 'CAT-35'),
(36, 'CAT-36'),
(37, 'CAT-37'),
(38, 'CAT-38'),
(39, 'CAT-39'),
(40, 'CAT-40');

-- Relación perfume_movimiento (40)
INSERT INTO perfume_movimiento (codigo_perfume, id_movimiento) VALUES
(1, 1),
(2, 2),
(3, 3),
(4, 4),
(5, 5),
(6, 6),
(7, 7),
(8, 8),
(9, 9),
(10, 10),
(11, 11),
(12, 12),
(13, 13),
(14, 14),
(15, 15),
(16, 16),
(17, 17),
(18, 18),
(19, 19),
(20, 20),
(21, 21),
(22, 22),
(23, 23),
(24, 24),
(25, 25),
(26, 26),
(27, 27),
(28, 28),
(29, 29),
(30, 30),
(31, 31),
(32, 32),
(33, 33),
(34, 34),
(35, 35),
(36, 36),
(37, 37),
(38, 38),
(39, 39),
(40, 40);